{"cameraMode":{"drawMode":0,"name":"Shaded","section":"Shading Mode"},"sceneLighting":false,"audioPlay":false,"sceneViewState":{"showFog":true,"showMaterialUpdate":false,"showSkybox":false,"showFlares":true,"showImageEffects":true,"showParticleSystems":true},"in2DMode":false,"pivot":{"x":-315.5056457519531,"y":80.20475769042969,"z":-39.955787658691409},"rotation":{"x":-0.055244140326976779,"y":0.9421437382698059,"z":-0.26834696531295779,"w":-0.19339071214199067},"size":20.063867568969728,"orthographic":false}