{"cameraMode":{"drawMode":0,"name":"Shaded","section":"Shading Mode"},"sceneLighting":true,"audioPlay":false,"sceneViewState":{"showFog":true,"showMaterialUpdate":false,"showSkybox":true,"showFlares":true,"showImageEffects":true,"showParticleSystems":true},"in2DMode":false,"pivot":{"x":-317.7353820800781,"y":71.42948150634766,"z":-34.56059646606445},"rotation":{"x":0.18523912131786347,"y":0.7921658754348755,"z":-0.29168838262557986,"w":0.5030737519264221},"size":24.673900604248048,"orthographic":false}