{"cameraMode":{"drawMode":0,"name":"Shaded","section":"Shading Mode"},"sceneLighting":true,"audioPlay":false,"sceneViewState":{"showFog":true,"showMaterialUpdate":false,"showSkybox":true,"showFlares":true,"showImageEffects":true,"showParticleSystems":true},"in2DMode":false,"pivot":{"x":-328.7685546875,"y":74.10308837890625,"z":-42.40469741821289},"rotation":{"x":0.19545701146125794,"y":0.7381108999252319,"z":-0.24076493084430695,"w":0.5992063879966736},"size":64.82872009277344,"orthographic":false}