{"cameraMode":{"drawMode":0,"name":"Shaded","section":"Shading Mode"},"sceneLighting":false,"audioPlay":false,"sceneViewState":{"showFog":true,"showMaterialUpdate":false,"showSkybox":false,"showFlares":true,"showImageEffects":true,"showParticleSystems":true},"in2DMode":false,"pivot":{"x":-0.9122505187988281,"y":79.24896240234375,"z":-34.248600006103519},"rotation":{"x":-0.011707748286426068,"y":0.24090608954429627,"z":-0.0026809824630618097,"w":-0.9705408215522766},"size":60.0970344543457,"orthographic":false}