{"cameraMode":{"drawMode":0,"name":"Shaded","section":"Shading Mode"},"sceneLighting":true,"audioPlay":false,"sceneViewState":{"showFog":true,"showMaterialUpdate":false,"showSkybox":true,"showFlares":true,"showImageEffects":true,"showParticleSystems":true},"in2DMode":false,"pivot":{"x":-321.98614501953127,"y":77.03636932373047,"z":-36.38330841064453},"rotation":{"x":0.0031034050043672325,"y":0.9742966294288635,"z":-0.22484877705574037,"w":0.013447050005197525},"size":52.20566940307617,"orthographic":false}